2011-01-31,0.052940776351299616
2011-02-01,0.05280275678067548
2011-02-09,0.07750925773210413
2011-02-10,0.05208455192285983
2011-02-11,0.03191118257844611
2011-02-14,0.03268707912617527
2011-02-15,0.003850672926100426
2011-02-16,-0.0005112339466997173
2011-02-17,0.0010925803086983953
2011-02-18,0.01049297495083256
2011-02-21,0.003879060537419365
2011-02-22,0.03639844231018506
2011-02-23,0.02102306350871377
2011-02-24,-0.001342804681937037
2011-02-25,0.010567230861391566
2011-02-28,0.009544832428490248
2011-03-01,0.010325214710895265
2011-03-02,0.01546924850142962
2011-03-03,0.026043407168501124
2011-03-04,0.012055517200816903
2011-03-07,0.010155620198659378
2011-03-08,-0.006844190348799475
2011-03-09,0.0015068864186615148
2011-03-10,-0.011724782067933849
2011-03-11,-0.004153497551563503
2011-03-14,-0.017999494271041007
2011-03-15,-0.0061160968294469865
2011-03-16,-0.0049918742504691796
2011-03-17,0.015488060791080054
2011-03-18,0.015060978484988071
2011-03-21,0.015686098787087915
2011-03-22,-0.0019989008475827102
2011-03-23,-0.023385914217720415
2011-03-24,-0.03488120286896814
2011-03-25,-0.029172499584379043
2011-03-28,-0.02677219826839108
2011-03-29,-0.002842735239402521
2011-03-30,0.017577974003919423
2011-03-31,0.019009238456013468
2011-04-01,0.005630097263300461
2011-04-06,0.018852093580351913
2011-04-07,0.009729514803555845
2011-04-08,-0.0018517995786193383
2011-04-11,0.0097467115697896
2011-04-12,0.00029193311804106187
2011-04-13,-0.00403850266473375
2011-04-14,0.005310326719224831
2011-04-15,0.00025804142710944236
2011-04-18,-0.02329065951954827
2011-04-19,-0.029519295641979124
2011-04-20,-0.04792378416552713
2011-04-21,-0.08373742622809935
2011-04-22,-0.06628396123390767
2011-04-25,-0.03288447596876033
2011-04-26,-0.03658090342330946
2011-04-27,-0.02053302241095596
2011-04-28,0.015242916130288458
2011-04-29,0.009998428468965004
2011-05-03,0.0019360186428155242
2011-05-04,0.026245797238274898
2011-05-05,0.0070130672896677165
2011-05-06,0.010497035905658833
2011-05-09,0.00197450791389796
2011-05-10,-0.00786363265127686
2011-05-11,-0.0063123452251978695
2011-05-12,0.0033460938094447756
2011-05-13,-0.008104778171420237
2011-05-16,-0.04433316515066749
2011-05-17,-0.038088148862429734
2011-05-18,-0.056217948401274295
2011-05-19,-0.05963620841306656
2011-05-20,-0.08077444986175127
2011-05-23,-0.057354689269405325
2011-05-24,-0.04152581684539962
2011-05-25,-0.017517848141210792
2011-05-26,-0.024375876158211202
2011-05-27,0.017872743247394778
2011-05-30,0.03959609837146277
2011-05-31,0.02266369008313785
2011-06-01,-0.010011059040732774
2011-06-02,0.006615413233922467
2011-06-03,-0.011117377092862004
2011-06-07,-0.004448393189211565
2011-06-08,-0.0174422714399071
2011-06-09,-0.01708898548029467
2011-06-10,-0.030748866137605073
2011-06-13,-0.04017138649689056
2011-06-14,-0.04128822780791959
2011-06-15,-0.03404982998439334
2011-06-16,0.007689768875371614
2011-06-17,0.045260629892373304
2011-06-20,0.07137446975231332
2011-06-21,0.059558733153349065
2011-06-22,0.04867490348024565
2011-06-23,0.04097412300413323
2011-06-24,0.022028640970208718
2011-06-27,0.03227514808386174
2011-06-28,0.037457859311405266
2011-06-29,0.055170644330266534
2011-06-30,0.043234627705330125
2011-07-01,0.03564485815758879
2011-07-04,0.020661553830986452
2011-07-05,-0.003767077472866055
2011-07-06,0.011618759423212064
2011-07-07,0.022257514760469065
2011-07-08,0.03215468583786095
2011-07-11,0.023671555634508266
2011-07-12,0.02784234512898653
2011-07-13,0.009692733034164073
2011-07-14,-0.01526253148511439
2011-07-15,-0.017758059499681234
2011-07-18,-0.05744178405102691
2011-07-19,-0.04067564608953757
2011-07-20,-0.02577000869255767
2011-07-21,-0.015960534367505514
2011-07-22,-0.029744679241877233
2011-07-25,0.01807796250912046
2011-07-26,0.009225980850938722
2011-07-27,-0.004165538268285904
2011-07-28,0.0018522888559096965
2011-07-29,-0.011381711483144603
2011-08-01,-0.06818004557216319
2011-08-02,-0.06721397272931219
2011-08-03,-0.05770638567582726
2011-08-04,-0.042499853278726706
2011-08-05,-0.010573589606181344
2011-08-08,0.059669303594928905
2011-08-09,0.056034190187680286
2011-08-10,0.04025704651648706
2011-08-11,0.0016605283184134721
2011-08-12,-0.017465553084824687
2011-08-15,-0.03564640093314622
2011-08-16,-0.009448686911572923
2011-08-17,-0.008846873067003169
2011-08-18,0.027886753741406776
2011-08-19,0.041701177267350904
2011-08-22,0.036202869544550015
2011-08-23,0.00367811901945416
2011-08-24,-0.0007164986786374911
2011-08-25,-0.024606142740540113
2011-08-26,-0.04020719523997919
2011-08-29,-0.05590700640948303
2011-08-30,-0.0531694166888763
2011-08-31,-0.025241950600525073
2011-09-01,-0.03018385771491409
2011-09-02,-0.024948741260095705
2011-09-05,-0.01665117953119724
2011-09-06,0.0038313967440903787
2011-09-07,-0.019185606385452504
2011-09-08,-0.009470025768363938
2011-09-09,-0.02492271218593984
2011-09-13,-0.0036944571334354233
2011-09-14,0.01309498547482988
2011-09-15,-0.018319247684324115
2011-09-16,-0.023719884054964033
2011-09-19,-0.016827292863585523
2011-09-20,-0.01751080810687721
2011-09-21,-0.06159016054408291
2011-09-22,-0.06333262439562494
2011-09-23,-0.06004699286449935
2011-09-26,-0.05047961868488488
2011-09-27,-0.057015665166128326
2011-09-28,-0.006894661328015543
2011-09-29,0.04023531601455644
2011-09-30,0.03981451961544079
2011-10-10,0.05029368981344198
2011-10-11,0.01992883793363542
2011-10-12,-0.018986316137735132
2011-10-13,-0.0609934609925034
2011-10-14,-0.07407755381426247
2011-10-17,-0.06337476781810128
2011-10-18,-0.007268045616846296
2011-10-19,0.00644159608251083
2011-10-20,0.03811495296272446
2011-10-21,0.08032667374366938
2011-10-24,0.07053642741208134
2011-10-25,0.04303702062012772
2011-10-26,0.05365007856431293
2011-10-27,0.05689156936873193
2011-10-28,0.04171460879128294
2011-10-31,0.02981991532219818
2011-11-01,0.01595170393837624
2011-11-02,0.013673267978238103
2011-11-03,-0.00212937363205125
2011-11-04,-0.009314799858110493
2011-11-07,0.019440181844354355
2011-11-08,0.03833127715001112
2011-11-09,-0.0062361525450865965
2011-11-10,0.007239510298102046
2011-11-11,-0.02097804045561324
2011-11-14,-0.04491538216488013
2011-11-15,-0.05177818752965006
2011-11-16,-0.030316602946115875
2011-11-17,-0.0327946882975777
2011-11-18,-0.012756490648580268
2011-11-21,-0.012556920612810465
2011-11-22,0.0038482893372087036
2011-11-23,-0.03760384459250457
2011-11-24,-0.016536772443294667
2011-11-25,-0.028864079769221535
2011-11-28,-0.05989816230832907
2011-11-29,-0.07201081493157527
2011-11-30,-0.024371055332354587
2011-12-01,-0.0428680294742026
2011-12-02,-0.03214304682704259
2011-12-05,-0.013275233591820026
2011-12-06,-0.05012082598780933
2011-12-07,-0.07061533520126338
2011-12-08,-0.09466731156201294
2011-12-09,-0.059504766277549144
2011-12-12,-0.04423499145998805
2011-12-13,-0.015163231945871018
2011-12-14,-0.021441733267816083
2011-12-15,-0.012310837007679548
2011-12-16,-0.03257816115800835
2011-12-19,-0.04308208091976835
2011-12-20,-0.06651260960853934
2011-12-21,-0.04996019731772916
2011-12-22,-0.034893800046636385
2011-12-23,-0.026195689710965572
2011-12-26,-0.04503475430565632
2011-12-27,-0.05720603382441713
2011-12-28,-0.04581645675151894
2011-12-29,-0.007001480814120806
2011-12-30,0.014380405346993983
2012-01-04,0.04393719630945738
2012-01-05,0.08715534757242523
2012-01-06,0.03729829118654354
2012-01-09,-0.03826196160678363
2012-01-10,-0.024551294025256028
2012-01-11,-0.05216818067592497
2012-01-12,-0.039097212814844726
2012-01-13,0.015594913418769398
2012-01-16,0.047479867688602184
2012-01-17,-0.007051120786043312
2012-01-18,0.015353129722716645
2012-01-19,0.02413967841965655
2012-01-20,0.028032272676840966
2012-01-30,0.04114698955865846
2012-01-31,0.02216937773260254
2012-02-01,0.055843597086740644
2012-02-02,0.0433956055183877
2012-02-03,0.03069562643639671
2012-02-06,0.03425309270548644
2012-02-07,0.05383600185898442
2012-02-08,0.04355472412802179
2012-02-09,0.03531501009739972
2012-02-10,0.025582048510772774
2012-02-13,0.016083767975583516
2012-02-14,0.02899591721119627
2012-02-15,0.033527582492849727
2012-02-16,0.03774666912270487
2012-02-17,0.055079485943033614
2012-02-20,0.054034174889602
2012-02-21,0.03352905556131538
2012-02-22,-0.002397189770842087
2012-02-23,7.498121505181488e-05
2012-02-24,0.006793795308588795
2012-02-27,0.0068346687752290965
2012-02-28,0.0038211028207272312
2012-02-29,0.013586761150485252
2012-03-01,0.021913639985796398
2012-03-02,0.017988368607666713
2012-03-05,0.02201797751356143
2012-03-06,0.04327841292087066
2012-03-07,0.0008935200696394323
2012-03-08,-0.02418230645884445
2012-03-09,-0.016512254430718663
2012-03-12,-0.008485354289188854
2012-03-13,-0.04225352802259162
2012-03-14,0.005407804399046407
2012-03-15,0.015269324745705935
2012-03-16,-0.027497130734205566
2012-03-19,-0.043341149726516655
2012-03-20,-0.02184643613682279
2012-03-21,-0.06927056112836212
2012-03-22,-0.08632901773644959
2012-03-23,-0.0726960828733839
2012-03-26,-0.04247391207965037
2012-03-27,-0.03387098273395424
2012-03-28,0.002073871822505427
2012-03-29,0.034250302712541
2012-03-30,0.04413352053339531
2012-04-05,0.03424827198886315
2012-04-06,0.03464370992831699
2012-04-09,0.047753568100545894
2012-04-10,0.021691004870402934
2012-04-11,0.039497091865309183
2012-04-12,0.018187671081827984
2012-04-13,0.019404114986148302
2012-04-16,-0.002241699914094264
2012-04-17,0.001602641886559627
2012-04-18,-0.008139859769053385
2012-04-19,-0.012449828423659506
2012-04-20,-0.02664573083721144
2012-04-23,0.007602679849970679
2012-04-24,0.023352680668484022
2012-04-25,0.020674800081300612
2012-04-26,0.034888882916808805
2012-04-27,0.04111531518209165
2012-05-02,0.008725675380093889
2012-05-03,0.00734393464656954
2012-05-04,-0.008782072248242352
2012-05-07,-0.019980866001577762
2012-05-08,-0.024080266053273267
2012-05-09,-0.017884990071666
2012-05-10,-0.007410526631219393
2012-05-11,-0.016189398510526445
2012-05-14,-0.01802104905196799
2012-05-15,-0.0016218892250481733
2012-05-16,0.0064460041703184884
2012-05-17,-0.014428987040016413
2012-05-18,-0.01268404155119635
2012-05-21,0.0028705715647959207
2012-05-22,0.004651716753720867
2012-05-23,0.011325271843103562
2012-05-24,0.021552008032947104
2012-05-25,0.03373867598201702
2012-05-28,-0.012588836556361357
2012-05-29,-0.028793067626439326
2012-05-30,-0.03430600398947589
2012-05-31,-0.04274859100556708
2012-06-01,-0.04380217001994306
2012-06-04,0.00830528672702416
2012-06-05,0.003566132830143381
2012-06-06,0.024799538868379444
2012-06-07,0.023635401058641037
2012-06-08,0.02865615159705335
2012-06-11,0.02062237640559091
2012-06-12,0.02046475771683926
2012-06-13,0.0015284780476166036
2012-06-14,-0.006841622618376642
2012-06-15,-0.03360262840200496
2012-06-18,-0.045083801103611
2012-06-19,-0.04090480846297631
2012-06-20,-0.05316240853422183
2012-06-21,-0.027052351451506303
2012-06-25,0.008960691114540243
2012-06-26,0.014221139774524555
2012-06-27,0.010864097489115768
2012-06-28,0.0023031004000425522
2012-06-29,0.006671016310706748
2012-07-02,-0.0301919777233241
2012-07-03,-0.045059760298765586
2012-07-04,-0.0332124810660163
2012-07-05,0.0013172455633197494
2012-07-06,-0.025240869743824872
2012-07-09,-0.04101149534738902
2012-07-10,-0.022777294662443128
2012-07-11,-0.022899483977116754
2012-07-12,-0.023210376476664848
2012-07-13,-0.019064595911150832
2012-07-16,0.015025050971342832
2012-07-17,0.015308077024862407
2012-07-18,0.001077087798143244
2012-07-19,-0.020668970076003927
2012-07-20,-0.01983076212739538
2012-07-23,-0.03197983923014595
2012-07-24,-0.057055596000953474
2012-07-25,-0.035110393509687664
2012-07-26,-0.03315862200381043
2012-07-27,-0.008295005282969151
2012-07-30,0.03803749864460261
2012-07-31,0.0674477734091609
2012-08-01,0.047048130140148144
2012-08-02,0.06912355203646822
2012-08-03,0.045107901739989936
2012-08-06,-0.0015112730489552381
2012-08-07,-0.0016956692627002814
2012-08-08,-0.00894828227024228
2012-08-09,-0.03018051950283326
2012-08-10,-0.027672339003761003
2012-08-13,-0.002691332457314281
2012-08-14,0.00454304429147206
2012-08-15,0.008801313923097569
2012-08-16,0.025405627446402634
2012-08-17,0.002676723236529993
2012-08-20,-0.02350684454577899
2012-08-21,-0.03136453397348231
2012-08-22,-0.02831125818549704
2012-08-23,-0.05305448562763785
2012-08-24,-0.029797434404750883
2012-08-27,0.01080665444800373
2012-08-28,-0.005335867281046742
2012-08-29,0.0053472878760682276
2012-08-30,0.03475060830700832
2012-08-31,0.06589355373814246
2012-09-03,0.05855794436086696
2012-09-04,0.06231998500099047
2012-09-05,0.06032052487198062
2012-09-06,0.031009864438794006
2012-09-07,-0.002131554332775569
2012-09-10,-0.04209925203222357
2012-09-11,-0.04140243658246597
2012-09-12,-0.03890773884304334
2012-09-13,-0.055668105256375174
2012-09-14,-0.0648692017896169
2012-09-17,-0.029723900955831863
2012-09-18,-0.03502053514093434
2012-09-19,-0.06755393662819036
2012-09-20,-0.013510557264911688
2012-09-21,0.01255823910433268
2012-09-24,0.003933658452177209
2012-09-25,0.0405569395046001
2012-09-26,0.07961769069546212
2012-09-27,0.03737686451433767
2012-09-28,0.01790217109737253
2012-10-08,0.010006689162278376
2012-10-09,-0.014538960338229595
2012-10-10,-0.0218214384379
2012-10-11,0.011660100968283267
2012-10-12,0.011646099092682417
2012-10-15,0.026627008398039945
2012-10-16,0.012567962473225187
2012-10-17,0.006975262061612522
2012-10-18,-0.01896985334596427
2012-10-19,-0.03899168672890177
2012-10-22,-0.044663106504832205
2012-10-23,-0.033078849731929164
2012-10-24,-0.027430263113939958
2012-10-25,-0.000227790090310896
2012-10-26,0.02696270761236029
2012-10-29,0.0247019273881136
2012-10-30,0.016170873421337717
2012-10-31,0.011941838784675555
2012-11-01,-0.03125309229565056
2012-11-02,-0.03785547785138844
2012-11-05,-0.026312157667660634
2012-11-06,-0.0388368149346238
2012-11-07,-0.035695485078480846
2012-11-08,-0.02879152103231783
2012-11-09,-0.03210709194272603
2012-11-12,-0.03507686057431173
2012-11-13,-0.017546313208196787
2012-11-14,-0.00905267718315451
2012-11-15,-0.001568424520822573
2012-11-16,0.00654104608396415
2012-11-19,-0.011240738010438895
2012-11-20,-0.04831081346871123
2012-11-21,-0.08033100179607752
2012-11-22,-0.08112503649937054
2012-11-23,-0.07178911974974136
2012-11-26,-0.08422581751315864
2012-11-27,-0.0349066665644303
2012-11-28,0.02457585067999498
2012-11-29,0.03588150687058278
2012-11-30,0.04690722990772445
2012-12-03,0.09506969768831681
2012-12-04,0.07303728231517105
2012-12-05,0.034546012113618275
2012-12-06,0.021557437345286718
2012-12-07,0.038986099140306596
2012-12-10,0.0263887903072673
2012-12-11,0.03171204100038684
2012-12-12,0.03624395223626202
2012-12-13,0.056488968975035796
2012-12-14,0.017825337975168398
2012-12-17,0.020237726240897654
2012-12-18,0.0473356312558222
2012-12-19,0.061674198195450024
2012-12-20,0.041955091810440645
2012-12-21,0.050834659681777375
2012-12-24,0.05032691304495442
2012-12-25,0.022592265105940857
2012-12-26,0.017003525472810293
2012-12-27,0.04266681955130401
2012-12-28,0.03005480733368237
2012-12-31,0.02869345115647561
2013-01-04,0.01241415457953986
2013-01-07,0.03545084459435218
2013-01-08,0.041185128552416725
2013-01-09,0.03825178413612195
2013-01-10,0.020126401111991484
2013-01-11,0.05589188307088079
2013-01-14,0.027534067527579177
2013-01-15,-0.009591348291672824
2013-01-16,-0.004409991602198722
2013-01-17,-0.01721072425194105
2013-01-18,-0.03290537540986485
2013-01-21,-0.016151038697466834
2013-01-22,0.011811145373561475
2013-01-23,0.01068007031847597
2013-01-24,0.030183071926397544
2013-01-25,0.038681593344582155
2013-01-28,0.006406693756574959
2013-01-29,0.006728763244572682
2013-01-30,0.01091291245509359
2013-01-31,0.019853220777718034
2013-02-01,0.026627657762471363
2013-02-04,0.040812803630022
2013-02-05,0.0142156148437444
2013-02-06,0.02874418812587623
2013-02-07,0.004990137149613602
2013-02-08,-0.01118554445550368
2013-02-18,-0.007365079263157521
2013-02-19,-0.0043469049447455
2013-02-20,-0.02351092131259425
2013-02-21,0.01567748791593427
2013-02-22,0.03114956819392817
2013-02-25,-0.013888049670473173
2013-02-26,0.021812419765056212
2013-02-27,0.039557223927678346
2013-02-28,0.008325955769063892
2013-03-01,-0.012744866340207078
2013-03-04,0.02231753859312266
2013-03-05,-0.026930175166163035
2013-03-06,-0.05214141541294238
2013-03-07,-0.039571705649619315
2013-03-08,-0.030181345631756784
2013-03-11,-0.04369540325066173
2013-03-12,-0.013833292983908042
2013-03-13,0.020860385282270764
2013-03-14,0.02846020770298521
2013-03-15,0.029401140705788423
2013-03-18,0.042309286333351126
2013-03-19,0.030964632879791412
2013-03-20,0.007898699104449751
2013-03-21,-0.03186241091352718
2013-03-22,-0.034736575120173814
2013-03-25,-0.027731379109581157
2013-03-26,-0.032359247720476374
2013-03-27,-0.0443226432473363
2013-03-28,-0.012905639940347612
2013-03-29,-0.0034243257595258773
2013-04-01,-0.013883517352398659
2013-04-02,-0.004992463541895349
2013-04-03,-0.004222249391456818
2013-04-08,-0.019671989371814903
2013-04-09,-0.018859297292904725
2013-04-10,-0.007177157921853728
2013-04-11,-0.0009367647760408241
2013-04-12,0.02813662898830519
2013-04-15,0.048910602382434824
2013-04-16,0.008690401659304516
2013-04-17,0.02274173612325596
2013-04-18,0.00482432345109007
2013-04-19,-0.03308488476567377
2013-04-22,-0.034030014869427444
2013-04-23,0.013757370123332327
2013-04-24,0.010601150561244851
2013-04-25,0.027188899606290597
2013-04-26,0.057013382681651834
2013-05-02,0.05427717420690492
2013-05-03,0.04105875574201524
2013-05-06,0.027267192843758132
2013-05-07,0.013053395751997054
2013-05-08,0.017289447192209675
2013-05-09,0.02298835765918645
2013-05-10,0.031364642368659844
2013-05-13,0.04276289239027583
2013-05-14,0.07065190247301234
2013-05-15,0.044304108730283245
2013-05-16,0.030580514506231313
2013-05-17,0.03166291151565304
2013-05-20,0.023879835820323218
2013-05-21,0.0066002374311970825
2013-05-22,0.024206230615305357
2013-05-23,0.03295752327214941
2013-05-24,0.01149463513115183
2013-05-27,-0.004064342725432546
2013-05-28,-0.021552225908418148
2013-05-29,-0.023541946586426006
2013-05-30,-0.04251335603983289
2013-05-31,-0.05306230392832311
2013-06-03,-0.07326604510256936
2013-06-04,-0.03492372522097757
2013-06-05,-0.03705736284712704
2013-06-06,-0.018039085791126765
2013-06-07,-0.006391659751861521
2013-06-13,-0.00993129468883592
2013-06-14,-0.03441174786185379
2013-06-17,-0.09438491660741245
2013-06-18,-0.09976112997511191
2013-06-19,-0.07809755362195045
2013-06-20,-0.06441187637312636
2013-06-21,-0.06171692487793927
2013-06-24,0.019038894481270704
2013-06-25,0.03897820858075218
2013-06-26,0.017416490701588593
2013-06-27,0.04256210882179605
2013-06-28,0.03791674009945441
2013-07-01,-0.02372023627322847
2013-07-02,-0.03364973992207371
2013-07-03,-0.004130124412415098
2013-07-04,0.014837853872585714
2013-07-05,0.015341128265750464
2013-07-08,0.08093534621091117
2013-07-09,0.0872112590163659
2013-07-10,0.042561751106879854
2013-07-11,0.01497987920340667
2013-07-12,-0.002427512643821568
2013-07-15,-0.004288080885879325
2013-07-16,0.008329973937906741
2013-07-17,0.028501608092758764
2013-07-18,0.008956831875910553
2013-07-19,0.03250325532480266
2013-07-22,-0.003940450662473756
2013-07-23,-0.029401264795917526
2013-07-24,-0.03061262915962093
2013-07-25,0.016493628686344478
2013-07-26,0.021401539334596167
2013-07-29,0.05504998337406618
2013-07-30,0.06623462799691027
2013-07-31,0.048480460740308234
2013-08-01,0.02385069899130615
2013-08-02,0.02175826288148302
2013-08-05,0.020106816519588833
2013-08-06,0.017906253145241857
2013-08-07,0.027478230151271318
2013-08-08,0.012592289730133904
2013-08-09,-0.011336702591400172
2013-08-12,-0.005574275770817804
2013-08-13,-0.011968791120399879
2013-08-14,-0.0024437378624780353
2013-08-15,0.009871264700738158
2013-08-16,0.028513716375032347
2013-08-19,0.028627943698833966
2013-08-20,0.03705575039468395
2013-08-21,0.02092870445795369
2013-08-22,0.019660923868326668
2013-08-23,0.009332300714898812
2013-08-26,-0.004733217527535257
2013-08-27,0.0004915706380852241
2013-08-28,0.01055629252285252
2013-08-29,0.011895234232502794
2013-08-30,0.034482083994637605
2013-09-02,0.03571444357669291
2013-09-03,0.028941499523682326
2013-09-04,0.01742309402575782
2013-09-05,0.018113013594901965
2013-09-06,0.013531162149001633
2013-09-09,0.007713383371266331
2013-09-10,-0.01695788978752127
2013-09-11,0.0015507884310409163
2013-09-12,0.019634167001374596
2013-09-13,0.017977703831317148
2013-09-16,0.009051307398877417
2013-09-17,0.009424102799720589
2013-09-18,0.002588227840254283
2013-09-23,-0.0052289882344565474
2013-09-24,0.00972118993579129
2013-09-25,0.0267087404178925
2013-09-26,0.03716910667070532
2013-09-27,0.05050856103205627
2013-09-30,0.04934923144321342
2013-10-08,0.031590094272925896
2013-10-09,-0.008208312316591375
2013-10-10,0.000491706584405018
2013-10-11,-0.00923184792108545
2013-10-14,0.0035238055011580513
2013-10-15,-0.0035194758636537026
2013-10-16,0.000492280353072018
2013-10-17,-0.007112166872093309
2013-10-18,-0.02960920223903039
2013-10-21,-0.05429342561536745
2013-10-22,-0.07324861805942892
2013-10-23,-0.034926420975756226
2013-10-24,-0.03876089473916567
2013-10-25,-0.025267388614575607
2013-10-28,-0.017473322527005078
2013-10-29,0.023549347612792367
2013-10-30,-0.0009987673261298304
2013-10-31,-0.004229442765445001
2013-11-01,-0.014627900532899524
2013-11-04,-0.012434889547973905
2013-11-05,-0.01500551437173897
2013-11-06,-0.02466162847080709
2013-11-07,0.00423405495224745
2013-11-08,0.039653866898107175
2013-11-11,0.05399519294527699
2013-11-12,0.04617432406891433
2013-11-13,0.07417588043787299
2013-11-14,0.05230685431124196
2013-11-15,0.02729283017710821
2013-11-18,0.006370161919366647
2013-11-19,0.008746866238902693
2013-11-20,0.012061800011444261
2013-11-21,0.025460853555669603
2013-11-22,0.04003802552604994
2013-11-25,-0.018101980654001662
2013-11-26,-0.006415582335341433
2013-11-27,-0.004804506588074942
2013-11-28,-0.015202259781994713
2013-11-29,-0.026760255193073682
2013-12-02,0.03962202394675095
2013-12-03,0.022514846989676127
2013-12-04,-0.0012707332161025161
2013-12-05,0.00737821015340854
2013-12-06,0.013722171852034785
2013-12-09,-0.012229929385646663
2013-12-10,-0.018929080953114765
2013-12-11,-0.009440760792425748
2013-12-12,-0.02429755751704808
2013-12-13,-0.04072220409861266
2013-12-16,-0.02936821967139337
2013-12-17,-0.014203132342768134
2013-12-18,0.0026268095562207473
2013-12-19,-0.006551247870878188
2013-12-20,0.02532638153176005
2013-12-23,0.03468398798287681
2013-12-24,0.024746950496578452
2013-12-25,0.017769227175712672
2013-12-26,0.030560552854068085
2013-12-27,-0.017458963515216957
2013-12-30,-0.01579657241989957
2013-12-31,-0.010691638637978632
2014-01-02,-0.0369241866812262
2014-01-03,-0.04826444790716825
2014-01-06,-0.021186059300040208
2014-01-07,-0.008354555605424956
2014-01-08,-0.005937957822886371
2014-01-09,0.011926521669867917
2014-01-10,0.019351682520410373
2014-01-13,0.014002948941524294
2014-01-14,0.00899799992359423
2014-01-15,0.024246151842685595
2014-01-16,0.030206750403882317
2014-01-17,0.05345463065281386
2014-01-20,0.05636297535571291
2014-01-21,0.037788271556549055
2014-01-22,0.02453880288407665
2014-01-23,0.012193422338029187
2014-01-24,0.017183020163196786
2014-01-27,0.04916963947102001
2014-01-28,0.05468280023416475
2014-01-29,0.05937759935240463
2014-01-30,0.04796993802394887
2014-02-07,0.04955240971110051
2014-02-10,0.04216599386645352
2014-02-11,0.037588332322622445
2014-02-12,0.024173739858509218
2014-02-13,0.026333625868892596
2014-02-14,0.001893713315769856
2014-02-17,-0.01630287007668612
2014-02-18,-0.05397889686533915
2014-02-19,-0.048293273453376334
2014-02-20,-0.0473379856701027
2014-02-21,-0.03230442169711198
2014-02-24,-0.013594411914674481
2014-02-25,0.0256127105822939
2014-02-26,0.017345335252229005
2014-02-27,0.034413181888806696
2014-02-28,0.01853540615749309
2014-03-03,-0.0390950427352515
2014-03-04,-0.037968569896923425
2014-03-05,-0.03779609586115225
2014-03-06,-0.028455459670578265
2014-03-07,-0.02839338489680795
2014-03-10,0.029907381364977656
2014-03-11,0.03469835562995242
2014-03-12,0.037771448398509884
2014-03-13,-0.001487683029502334
2014-03-14,0.021273801480531544
2014-03-17,0.005430031858619499
2014-03-18,0.0009593063758645961
2014-03-19,0.003462706455494188
2014-03-20,0.011105558421575812
2014-03-21,-0.02947656381821165
2014-03-24,-0.04182652937115277
2014-03-25,-0.027075879108094125
2014-03-26,-0.032345988552131236
2014-03-27,-0.014289930125428762
2014-03-28,0.018343260592041614
2014-03-31,0.036490359932828426
2014-04-01,0.029837234843840356
2014-04-02,0.03579190074774208
2014-04-03,0.03135984124247044
2014-04-04,0.028443034637476106
2014-04-08,0.010531293322058039
2014-04-09,0.0018223887400952688
2014-04-10,-0.0011610242509158834
2014-04-11,0.006862206709411379
2014-04-14,-0.01637498948528004
2014-04-15,-0.0167003533634722
2014-04-16,-0.020136196698573517
2014-04-17,-0.029394724412464504
2014-04-18,-0.05239363232160639
2014-04-21,-0.06845655674121583
2014-04-22,-0.04891173562265011
2014-04-23,-0.03799880398631151
2014-04-24,-0.019052332334464073
2014-04-25,0.00813628750466617
2014-04-28,0.02581876604358476
2014-04-29,0.012990810852940545
2014-04-30,-0.00508710818668294
2014-05-05,0.007113490112949028
2014-05-06,-0.0006394298719019406
2014-05-07,0.016165044801038208
2014-05-08,-0.0035035883689147266
2014-05-09,0.003345414440728367
2014-05-12,-0.023405996106723625
2014-05-13,-0.018281231371391798
2014-05-14,-0.009687596561560846
2014-05-15,0.008369464225276131
2014-05-16,0.021927982379398553
2014-05-19,0.03776426558759262
2014-05-20,0.028916250323773224
2014-05-21,0.03098122415975127
2014-05-22,0.019804873407285328
2014-05-23,0.010899530065094441
2014-05-26,-0.002017078025188838
2014-05-27,-0.00567456565290985
2014-05-28,-0.005367176850013094
2014-05-29,0.0033424013887385293
2014-05-30,-0.003922427094780277
2014-06-03,0.009553669576965192
2014-06-04,0.02282761041298441
2014-06-05,0.009037769968359862
2014-06-06,0.023025517069201598
2014-06-09,0.035744959231996984
2014-06-10,0.013808965516971736
2014-06-11,0.0007082466956003199
2014-06-12,-0.024555208507318814
2014-06-13,-0.02478301110953733
2014-06-16,-0.021412202224336534
2014-06-17,-0.005498515851481229
2014-06-18,-0.0013385106394184759
2014-06-19,0.04243692758951674
2014-06-20,0.03907029981548585
2014-06-23,0.037696001874145985
2014-06-24,0.035617443220486156
2014-06-25,0.04540928688158084
2014-06-26,0.03672024083280878
2014-06-27,0.02822347163698759
2014-06-30,0.019217357656068065
2014-07-01,0.02141519192725457
2014-07-02,0.001323780209582919
2014-07-03,-0.002901379157261344
2014-07-04,0.005289102220489731
2014-07-07,0.01822521189395605
2014-07-08,0.006876950212391595
2014-07-09,0.012150941119710063
2014-07-10,0.006305300602051007
2014-07-11,-0.0008686325651405166
2014-07-14,-0.017207817455024668
2014-07-15,-0.0014066675573262224
2014-07-16,-0.002789812138111435
2014-07-17,-0.0014888201626750248
2014-07-18,0.0065006444362533345
2014-07-21,0.027551803587505166
2014-07-22,0.024847599288684664
2014-07-23,0.04075798530110268
2014-07-24,0.05124688776659954
2014-07-25,0.030610568441282883
2014-07-28,0.02765884783163174
2014-07-29,0.024999743500056938
2014-07-30,0.024080554435335653
2014-07-31,0.007812138648341864
2014-08-01,0.027738963049892887
2014-08-04,0.02762138942108858
2014-08-05,0.02468668959712071
2014-08-06,0.020929588987450173
2014-08-07,0.025392722659551326
2014-08-08,0.029083178820172438
2014-08-11,0.029057221011780408
2014-08-12,0.028078742060304272
2014-08-13,0.0279848597742866
2014-08-14,0.0333307297773188
2014-08-15,0.029585254481220652
2014-08-18,0.008135942876914621
2014-08-19,-0.015043626097996686
2014-08-20,-0.010256413549889275
2014-08-21,-0.018613537979426973
2014-08-22,-0.015049754799775814
2014-08-25,0.008175102855140191
2014-08-26,0.043072054891200244
2014-08-27,0.04600812422745006
2014-08-28,0.06431428231345612
2014-08-29,0.05739098153753822
2014-09-01,0.0461645418861081
2014-09-02,0.03685815541310944
2014-09-03,0.027394949415981435
2014-09-04,0.029641004661700884
2014-09-05,0.03618409358424326
2014-09-09,-0.003270608025555668
2014-09-10,0.0003747948004817959
2014-09-11,0.008807177095095218
2014-09-12,0.007081140167411858
2014-09-15,-0.014996397790925178
2014-09-16,0.030550089135729677
2014-09-17,0.03594501430236508
2014-09-18,0.028022550746748996
2014-09-19,0.02253746786040844
2014-09-22,0.045495452626683704
2014-09-23,0.03807207613974522
2014-09-24,0.03769449451678741
2014-09-25,0.04053339905980012
2014-09-26,0.031794068750682136
2014-09-29,0.021516470063269844
2014-09-30,0.012328043424265205
2014-10-08,0.003337046518208213
2014-10-09,-0.011181073645846083
2014-10-10,-0.01680028893245412
2014-10-13,-0.004113032652900652
2014-10-14,-0.009007451788654867
2014-10-15,-0.02564136039191737
2014-10-16,-0.029943711070299115
2014-10-17,-0.01772597819326814
2014-10-20,-0.024899382039272874
2014-10-21,0.00720575049306141
2014-10-22,0.034134157929330056
2014-10-23,0.05341186816157165
2014-10-24,0.05104114540228209
2014-10-27,0.05578981857813971
2014-10-28,0.02431756931001997
2014-10-29,0.008828877736848281
2014-10-30,0.01763174809111292
2014-10-31,0.009281474001563154
2014-11-03,0.007269128044789401
2014-11-04,-0.01821061315382975
2014-11-05,-0.0006073931463955567
2014-11-06,-0.02308633312387163
2014-11-07,-0.019701586863048605
2014-11-10,-0.017884382610526786
2014-11-11,0.016629626493772365
2014-11-12,0.005640855843541171
2014-11-13,0.01886876138889659
2014-11-14,0.034467418618827544
2014-11-17,0.03431324367456719
2014-11-18,0.045360102658476766
2014-11-19,0.045619294285079735
2014-11-20,0.054292497627134985
2014-11-21,0.04435530361166528
2014-11-24,0.023238383980138073
2014-11-25,0.022123204420477046
2014-11-26,0.024842970218467045
2014-11-27,0.03325185266117313
2014-11-28,0.004781737123124171
2014-12-01,0.01714003366933717
2014-12-02,-0.03930172233124742
2014-12-03,-0.015519755397097207
2014-12-04,-0.01773209463135626
2014-12-05,0.01939658879551773
2014-12-08,0.031748979050482566
2014-12-09,0.07572238554351135
2014-12-10,0.029231262721313205
2014-12-11,0.013247978403289309
2014-12-12,-0.009247030137057992
2014-12-15,-0.06675864045531014
2014-12-16,-0.08017904592001043
2014-12-17,-0.0538266857554872
2014-12-18,-0.03824931930407794
2014-12-19,-0.021660088176062124
2014-12-22,0.007545899917237015
2014-12-23,0.005815019361555393
2014-12-24,-0.0014982575307849397
2014-12-25,-0.004303173910147719
2014-12-26,0.006657043001220802
2014-12-29,0.021328729533688823
2014-12-30,0.03449895831140095
2014-12-31,0.018068929280173767
2015-01-05,-0.006135648045409068
2015-01-06,-0.008855066354566619
2015-01-07,-0.01143025507554643
2015-01-08,-0.00013671261915859477
2015-01-09,0.019296334068674027
2015-01-12,0.0030857534699605905
2015-01-13,0.023058246100502694
2015-01-14,0.05110280742308464
2015-01-15,0.05711996871618279
2015-01-16,0.0332824818017675
2015-01-19,0.08612283868804065
2015-01-20,0.0536672108718134
2015-01-21,0.026944168288843405
2015-01-22,0.008559885616633373
2015-01-23,0.007614962505895097
2015-01-26,-0.015647745935292185
2015-01-27,-0.0026747086880147823
2015-01-28,-0.0011073519197348522
2015-01-29,0.0016908749985261623
2015-01-30,-0.008517365888587819
2015-02-02,-0.012205345020917914
2015-02-03,-0.018482461666261104
2015-02-04,-0.004889208340958772
2015-02-05,0.007048931471717174
2015-02-06,0.04387105401145007
2015-02-09,0.0707710666886178
2015-02-10,0.06328211337769586
2015-02-11,0.04818694756706871
2015-02-12,0.048378846868459356
2015-02-13,0.04248818499887335
2015-02-16,0.045488587149142924
2015-02-17,0.03782010296996215
2015-02-25,0.057529721211622926
2015-02-26,0.052055198795327356
2015-02-27,0.028187824801379328
2015-03-02,0.019699012242107388
2015-03-03,0.03682775606070753
2015-03-04,0.018360662592064758
2015-03-05,0.009936589188838192
2015-03-06,0.03657996913067237
2015-03-09,0.054116806562081135
2015-03-10,0.055389376382881626
2015-03-11,0.0770936021854911
2015-03-12,0.0894285841974842
2015-03-13,0.08548985793421839
2015-03-16,0.08122329293100235
2015-03-17,0.07422731985290412
2015-03-18,0.0663261654490283
2015-03-19,0.047454799022771194
2015-03-20,0.04855498652092836
2015-03-23,0.03037472610163297
2015-03-24,0.027673536239660686
2015-03-25,0.03991255957154661
2015-03-26,0.07459396412632412
2015-03-27,0.08310064101305896
2015-03-30,0.09834384729967999
2015-03-31,0.08522243492812115
2015-04-01,0.050083172588825144
2015-04-02,0.0537093930887813
2015-04-03,0.05778741962471184
2015-04-07,0.03487294848320025
2015-04-08,0.0066179698615068455
2015-04-09,0.027722298056661664
2015-04-10,0.007596377692399386
2015-04-13,-0.035763750551449945
2015-04-14,-0.0032813028845756287
2015-04-15,0.06261865613565512
2015-04-16,0.061563494009400754
2015-04-17,0.056162682701983394
2015-04-20,0.0864878381264481
2015-04-21,0.017439198672510935
2015-04-22,0.015177148525001277
2015-04-23,0.010293068469743606
2015-04-24,0.021656647329438384
2015-04-27,-0.013506874675723007
2015-04-28,0.007674387367929919
2015-04-29,-0.033568025670323735
2015-04-30,0.0023159413542468183
2015-05-04,0.03638703554719191
2015-05-05,0.0866802971216404
2015-05-06,0.10610377170544966
2015-05-07,0.1396287212703866
2015-05-08,0.09091295812550264
2015-05-11,0.0716345493927947
2015-05-12,0.07641869134067217
2015-05-13,0.08778623411841428
2015-05-14,0.11545736404340398
2015-05-15,0.13732091230546795
2015-05-18,0.13694619788487694
2015-05-19,0.14942726282107632
2015-05-20,0.1490975709327575
2015-05-21,0.050496350582683494
2015-05-22,0.04604177125260449
2015-05-25,0.06908353575870761
2015-05-26,0.06726101523877044
2015-05-27,0.05507069209867129
2015-05-28,0.10996549031344797
2015-05-29,0.11336876397698221
2015-06-01,0.04757908228008187
2015-06-02,0.010755109706242461
2015-06-03,0.02564564727698474
2015-06-04,0.05239862643674339
2015-06-05,0.05183379796262916
2015-06-08,0.046181144876176465
2015-06-09,0.00648456336322541
2015-06-10,0.00642195030735932
2015-06-11,-0.04353681847914676
2015-06-12,-0.11643539878153886
2015-06-15,-0.09455372310419735
2015-06-16,-0.04081980047213716
2015-06-17,-0.09708878049657346
2015-06-18,-0.14260351872457352
2015-06-19,-0.14634166554118283
2015-06-23,-0.11621049886542496
2015-06-24,-0.18420362379923405
2015-06-25,-0.2082122180587199
2015-06-26,-0.1932064832636365
2015-06-29,-0.16797754720814337
2015-06-30,-0.25354782708778933
2015-07-01,-0.24034565142101783
2015-07-02,-0.1519392103584809
2015-07-03,-0.05055361049930221
2015-07-06,0.04766424193684028
2015-07-07,0.1605598044810046
2015-07-08,0.1457393229158312
2015-07-09,0.10887763279006805
2015-07-10,0.1191447161120021
2015-07-13,0.08321064367007718
2015-07-14,0.07286424291675243
2015-07-15,0.14448164545259365
2015-07-16,0.16966386169242792
2015-07-17,0.0915941292453981
2015-07-20,-0.01379188513362224
2015-07-21,-0.0685900463248293
2015-07-22,-0.03356121227793592
2015-07-23,-0.09287101631261888
2015-07-24,-0.0948442628113628
2015-07-27,-0.05745373520096196
2015-07-28,0.031358108455330456
2015-07-29,-0.025199696921005578
2015-07-30,-0.002407230635761568
2015-07-31,0.04670336900371944
2015-08-03,0.14776616323408992
2015-08-04,0.08994058240816845
2015-08-05,0.07852603919875398
2015-08-06,0.1132731456153184
2015-08-07,0.08350529254342973
2015-08-10,0.0443830508574813
2015-08-11,-0.040499211279763865
2015-08-12,-0.0026833888755948333
2015-08-13,-0.06033620753276189
2015-08-14,-0.12058407544968185
2015-08-17,-0.20200782606082243
2015-08-18,-0.20742883316249905
2015-08-19,-0.2509226864279204
2015-08-20,-0.19709922116033193
2015-08-21,-0.09744495832425866
2015-08-24,-0.05396493290587897
2015-08-25,-0.03543667845018021
2015-08-26,-0.030837521455179286
2015-08-27,-0.056186127966251075
2015-08-28,-0.0673022063405267
2015-08-31,0.009280972353067627
2015-09-01,0.059168344454591154
2015-09-02,0.10992549242561858
2015-09-07,0.011233208772056422
2015-09-08,-0.09536223780667051
2015-09-09,-0.06439804218845979
2015-09-10,-0.06399930059835326
2015-09-11,-0.060490496362883464
2015-09-14,0.05597123113106162
2015-09-15,0.13317429760284716
2015-09-16,0.0413040877762987
2015-09-17,0.0767111915729207
2015-09-18,0.01838332524310633
2015-09-21,0.003350093480399532
2015-09-22,-0.022806536370111024
2015-09-23,-0.010839117352858791
2015-09-24,0.015766068537015364
2015-09-25,0.07503284753491433
2015-09-28,0.09436838890705389
2015-09-29,0.1305230602563723
2015-09-30,0.11287892471457281
2015-10-08,0.10207781413991174
2015-10-09,0.10086493656373077
2015-10-12,0.05281376285335911
2015-10-13,0.059709733618636227
2015-10-14,0.0038289245059978908
2015-10-15,0.00976861573054562
2015-10-16,0.026022269662962807
2015-10-19,0.03552698481525402
2015-10-20,0.022503764713256595
2015-10-21,0.06985536666666468
2015-10-22,0.03952472816487144
2015-10-23,0.005938447864562574
2015-10-26,-0.02193898013355841
2015-10-27,-0.02672923692080222
2015-10-28,0.04532096196075719
2015-10-29,0.03705528659559211
2015-10-30,0.06669958564873396
2015-11-02,0.1072703617940176
2015-11-03,0.11262255405839484
2015-11-04,0.08105004559401983
2015-11-05,0.08629195366081654
2015-11-06,0.02928214776083042
2015-11-09,0.03260474728896032
2015-11-10,0.017142956437201554
2015-11-11,-0.0222154738764251
2015-11-12,0.00063982481973189
2015-11-13,0.04282964403336235
2015-11-16,0.01334516911208876
2015-11-17,0.03793474045489259
2015-11-18,0.07812373457712798
2015-11-19,0.0416785486179154
2015-11-20,-0.03694305587648038
2015-11-23,-0.019450696042058832
2015-11-24,-0.036024925783840325
2015-11-25,-0.06221978085820577
2015-11-26,-0.033842812084883406
2015-11-27,0.026116838016206446
2015-11-30,0.029306611668012423
2015-12-01,0.009250537816893174
2015-12-02,0.012713487091748604
2015-12-03,-0.016776026883161058
2015-12-04,-0.021964693647495145
2015-12-07,-0.015028868361865323
2015-12-08,0.014839291262045792
2015-12-09,0.030902268053628234
2015-12-10,0.06512314443531912
2015-12-11,0.07044101020135543
2015-12-14,0.05954810751351338
2015-12-15,0.05868723743583878
2015-12-16,0.03813091088348618
2015-12-17,0.008988066058554693
2015-12-18,0.01989361717014654
2015-12-21,-0.01323410213422238
2015-12-22,-0.0096371198960562
2015-12-23,0.013064381774136402
2015-12-24,-0.003870727892243605
2015-12-25,-0.0943268575264531
2015-12-28,-0.09128751117431665
2015-12-29,-0.077245532120816
2015-12-30,-0.16474199972018058
2015-12-31,-0.14015048905047897
2016-01-04,-0.12978100451079588
2016-01-05,-0.11388218603349451
2016-01-06,-0.17097528054722
2016-01-07,-0.06144525467692384
2016-01-08,-0.1066168421458326
2016-01-11,-0.016949119374735405
2016-01-12,0.020393884208959975
2016-01-13,0.054954893602556565
2016-01-14,-0.026666154728661313
2016-01-15,0.031339289193211974
2016-01-18,0.023085202490169255
2016-01-19,-0.09215636799724145
2016-01-20,-0.09548435962443744
2016-01-21,-0.10060706654451072
2016-01-22,-0.08157268514265388
2016-01-25,-0.10527899419889343
2016-01-26,0.004963441061324979
2016-01-27,0.021303177623948018
2016-01-28,0.09726079415378837
2016-01-29,0.042880532664285334
2016-02-01,0.05607452433528794
2016-02-02,0.06245617009022548
2016-02-03,0.07281016869956726
2016-02-04,0.0470063180828489
2016-02-05,0.06462151585855569
2016-02-15,0.08979384820481888
2016-02-16,0.03866520324333024
2016-02-17,0.026139485539748313
2016-02-18,-0.05384076865107813
2016-02-19,-0.05989468762274241
2016-02-22,-0.1350989605294099
2016-02-23,-0.1113705752594141
2016-02-24,-0.06995858144192321
2016-02-25,0.01179462187222297
2016-02-26,-0.022648593810954406
2016-02-29,0.06586937983913788
2016-03-01,0.04957009915596545
2016-03-02,-0.023999655637529097
2016-03-03,-0.04125277410502595
2016-03-04,-0.006745215804967113
2016-03-07,0.0067805281803161865
2016-03-08,-0.008684617323306013
2016-03-09,0.00444272856733842
2016-03-10,0.058384700203102755
2016-03-11,0.09910348167853901
2016-03-14,0.08708376634638024
2016-03-15,0.09263176041617147
2016-03-16,0.11642403252061723
2016-03-17,0.061348366276541236
2016-03-18,0.030241869276438897
2016-03-21,-0.003252254984223753
2016-03-22,-0.020556089165220417
2016-03-23,0.005432036364690974
2016-03-24,0.025140201014831345
2016-03-25,0.013619129605601627
2016-03-28,0.04750550546622216
2016-03-29,0.07641918503136495
2016-03-30,0.02014859222384185
2016-03-31,0.008645978926296231
2016-04-01,0.03551963377416504
2016-04-05,0.0003753769291030782
2016-04-06,0.008705195593687319
2016-04-07,0.037621038264562784
2016-04-08,0.04508057213096529
2016-04-11,0.006396958878244147
2016-04-12,0.018287444965641796
2016-04-13,-0.04261554772531477
2016-04-14,-0.06554167305981322
2016-04-15,-0.057558326352873536
2016-04-18,-0.04718312085499305
2016-04-19,-0.039308237086138974
2016-04-20,0.004639898042024702
2016-04-21,0.015386727948262891
2016-04-22,0.005576848198236587
2016-04-25,0.04013147846629898
2016-04-26,0.027971446162971102
2016-04-27,0.038618416522889575
2016-04-28,0.000277208896568093
2016-04-29,-0.039670120645520994
2016-05-03,-0.06902426679366588
2016-05-04,-0.07695832900383251
2016-05-05,-0.08695080744145674
2016-05-06,-0.052831179717133074
2016-05-09,0.0051091164464449135
2016-05-10,0.005582078328763191
2016-05-11,-0.018474068413786685
2016-05-12,-0.009074503716754884
2016-05-13,0.006529081153690798
2016-05-16,0.004380015905036452
2016-05-17,-0.00451430377877671
2016-05-18,0.02605339578030406
2016-05-19,0.025578343052688798
2016-05-20,0.012056577271386846
2016-05-23,-0.009173175004688987
2016-05-24,0.0424785527294715
2016-05-25,0.05236983427831855
2016-05-26,0.05864362227504758
2016-05-27,0.06272678841838639
2016-05-30,0.07085725559259105
2016-05-31,0.032413513981859925
2016-06-01,0.020760205248327786
2016-06-02,-0.04087893842627357
2016-06-03,-0.040680480325800315
2016-06-06,-0.011172704151777131
2016-06-07,-0.01568978982867117
2016-06-08,-0.0038840383423801492
2016-06-13,0.054456593463652087
2016-06-14,0.03979421046204906
2016-06-15,0.024044140789632934
2016-06-16,0.02137300501897067
2016-06-17,0.0035452831433259078
2016-06-20,0.02316445970774461
2016-06-21,0.04525796938776712
2016-06-22,0.03052708526664791
2016-06-23,0.03263176025239449
2016-06-24,0.04071787467775785
2016-06-27,0.03477572106246284
2016-06-28,0.029342975664714152
2016-06-29,0.03149751407192267
2016-06-30,0.03360517029001924
2016-07-01,0.03298409125718384
2016-07-04,0.0073033056461712055
2016-07-05,0.013145529049535545
2016-07-06,0.014589352184916315
2016-07-07,0.015443175192599131
2016-07-08,0.014063688657908543
2016-07-11,0.01472547662774715
2016-07-12,0.008381563896440335
2016-07-13,0.0022094327636622045
2016-07-14,0.0008795499209415074
2016-07-15,-0.005644485484051107
2016-07-18,0.001024093434157471
2016-07-19,0.008394037270292285
2016-07-20,-0.03742924142882286
2016-07-21,-0.03907861560976105
2016-07-22,-0.03676105593962868
2016-07-25,-0.05423354989613341
2016-07-26,-0.0562073900423311
2016-07-27,-0.006506230271213739
2016-07-28,-9.156332221118885e-05
2016-07-29,0.0016174009635568105
2016-08-01,0.030076522009970054
2016-08-02,0.03125182962578353
2016-08-03,0.022202120910000716
2016-08-04,0.0008809783732081486
2016-08-05,0.01773363446450216
2016-08-08,0.03000466102363946
2016-08-09,0.02643784224615518
2016-08-10,0.033755376182245916
2016-08-11,0.04981836024349922
2016-08-12,0.04052415314406283
2016-08-15,0.005038139334816366
2016-08-16,0.0017535607872025242
2016-08-17,0.0006902810242975272
2016-08-18,-0.004571699153072787
2016-08-19,-0.0032893991472663403
2016-08-22,0.010851639978344084
2016-08-23,0.008070627947749065
2016-08-24,0.0062135456744954794
2016-08-25,0.004480749204446332
2016-08-26,-0.001865427573850141
2016-08-29,-0.00036387194311333606
2016-08-30,0.014457852287110202
2016-08-31,0.012174258351139177
2016-09-01,0.023428087846362636
2016-09-02,0.01903823497249153
2016-09-05,-0.014843427193578925
2016-09-06,-0.02255781151862709
2016-09-07,-0.026902333674890266
2016-09-08,-0.019083139558545667
2016-09-09,-0.011627002952648085
2016-09-12,0.01972417949804004
2016-09-13,0.01835139864481262
2016-09-14,0.018894778402123193
2016-09-19,-0.016102342914574533
2016-09-20,-0.008314132973947758
2016-09-21,-0.012898718330219506
2016-09-22,-0.015085204382564414
2016-09-23,-0.007195247934162096
2016-09-26,0.03700692289025171
2016-09-27,0.03561955097346269
2016-09-28,0.039976539037602385
2016-09-29,0.03808698864162423
2016-09-30,0.03373573081218432
2016-10-10,0.003310967587888632
2016-10-11,0.012058218227407649
2016-10-12,0.011613246638144304
2016-10-13,0.012569920841303824
2016-10-14,0.010094041731174213
2016-10-17,0.028071959397228913
2016-10-18,0.01730347499748013
2016-10-19,0.012793775350235802
2016-10-20,0.010293147878150303
2016-10-21,0.0048929395906588445
2016-10-24,-0.004885011004662637
2016-10-25,0.0031467185971605356
2016-10-26,0.0018637863827583201
2016-10-27,0.007762264358923191
2016-10-28,0.01679555856520507
2016-10-31,0.018769441243870266
2016-11-01,0.013522607562990833
2016-11-02,0.012231457668404033
2016-11-03,0.021928102679678062
2016-11-04,0.0272146226913673
2016-11-07,0.03055621063727259
2016-11-08,0.02758265745579962
2016-11-09,0.03398103443992285
2016-11-10,0.014173638403319486
2016-11-11,0.00761786371684051
2016-11-14,0.009322561698452466
2016-11-15,0.015192158833441454
2016-11-16,0.008930829835084558
2016-11-17,0.0073400058870212
2016-11-18,0.0115129742993644
2016-11-21,0.0033682803753633983
2016-11-22,-0.016662740644063503
2016-11-23,-0.013224354579504084
2016-11-24,-0.0026246445769964226
2016-11-25,-0.023381219650002623
2016-11-28,-0.028113376592131412
2016-11-29,-0.015198023987345415
2016-11-30,-0.0017396691022616931
2016-12-01,-0.013482021722475916
2016-12-02,0.0008626650331673304
2016-12-05,-0.04517086771501039
2016-12-06,-0.043099005260699125
2016-12-07,-0.05943654483207827
2016-12-08,-0.04482046849550253
2016-12-09,-0.03174286589367713
2016-12-12,0.020162379871251364
2016-12-13,0.016448268714494528
2016-12-14,0.031747295107937785
2016-12-15,0.021380890665540164
2016-12-16,-0.0025638588801229073
2016-12-19,0.0026445262270166207
2016-12-20,0.0050405443508012735
2016-12-21,-0.00820340814717314
2016-12-22,-0.010834735778024221
2016-12-23,0.0034407573390399975
2016-12-26,0.008512473925058786
2016-12-27,0.017618554747482442
2016-12-28,0.022190688085364785
2016-12-29,0.016091365501502995
2016-12-30,0.020656906002250272
2017-01-03,0.00717647234903743
2017-01-04,-0.01578392680479478
2017-01-05,-0.024244155920618744
2017-01-06,-0.0330334040286799
2017-01-09,-0.07378834041125092
2017-01-10,-0.059398635995078594
2017-01-11,-0.053185970691560974
2017-01-12,-0.04793729474857469
2017-01-13,-0.014318023070958702
2017-01-16,0.033968165366901504
2017-01-17,0.016937334793433154
2017-01-18,0.02706361276858239
2017-01-19,0.03756708905764763
2017-01-20,0.017232932933117524
2017-01-23,0.020487055916191533
2017-01-24,0.025012533391313964
2017-01-25,0.030003547972964235
2017-01-26,0.03188823312989412
2017-02-03,0.03223425825735139
2017-02-06,0.027341234133393493
2017-02-07,0.027557702229163008
2017-02-08,0.011806882031190666
2017-02-09,0.009822279561119156
2017-02-10,0.0023488166186965537
2017-02-13,0.0014588582817138523
2017-02-14,0.011171680515615285
2017-02-15,0.02313645676257323
2017-02-16,0.01782247038903958
2017-02-17,0.03239107608334535
2017-02-20,0.018310952908722315
2017-02-21,0.012573201846204042
2017-02-22,0.010350227197181672
2017-02-23,0.0033764420345289005
2017-02-24,0.00034060882241440465
2017-02-27,0.02008294634768195
2017-02-28,0.01897305705216447
2017-03-01,0.013256717320183966
2017-03-02,0.010948399396015043
2017-03-03,0.008849524548895893
2017-03-06,0.005102335995985535
2017-03-07,0.0003556490033032099
2017-03-08,0.0028653285683844813
2017-03-09,0.02230563581159101
2017-03-10,0.0129833638293947
2017-03-13,0.009918060659824895
2017-03-14,0.014571247366081523
2017-03-15,0.012091198991062029
2017-03-16,-0.00011824683944253568
2017-03-17,0.013382102149657911
2017-03-20,0.006041196784841027
2017-03-21,-0.0015759223576313228
2017-03-22,-0.00909212904237831
2017-03-23,-0.031122210086627678
2017-03-24,-0.033557725119421886
2017-03-27,-0.012671668207130367
2017-03-28,-0.004287267548951019
2017-03-29,0.004953726070305449
2017-03-30,0.013234549423242488
2017-03-31,0.02200915064155036
2017-04-05,-0.009352133916104054
2017-04-06,-0.009915254421694634
2017-04-07,-0.02388890518010301
2017-04-10,-0.029040913961347035
2017-04-11,-0.048660986662754736
2017-04-12,-0.04614820557397596
2017-04-13,-0.05430341412170622
2017-04-14,-0.04521353256627737
2017-04-17,-0.05368721263849876
2017-04-18,-0.03885117362443819
2017-04-19,-0.0281505893708653
2017-04-20,-0.013371271722349731
2017-04-21,-0.0022317608256516254
2017-04-24,0.027135681196585583
2017-04-25,0.02257416786855634
2017-04-26,0.01448416958122997
2017-04-27,-0.008787067335220822
2017-04-28,-0.03434072647875369
2017-05-02,-0.026832373559903627
2017-05-03,-0.04391013502516042
2017-05-04,-0.04429990534538812
2017-05-05,-0.03158095239285251
2017-05-08,-0.009257048218925363
2017-05-09,0.004176599881517003
2017-05-10,0.026595778569310786
2017-05-11,0.023589795067390413
2017-05-12,0.021512280733623115
2017-05-15,-0.004811944638470454
2017-05-16,-0.05610202903764741
2017-05-17,-0.0537056362947407
2017-05-18,-0.04065051455672646
2017-05-19,-0.0366301017225085
2017-05-22,-0.016051368835522096
2017-05-23,-0.014018779989695912
2017-05-24,-0.0074986736789875
2017-05-25,-0.005790637703675796
2017-05-26,-0.003371258527477413
2017-05-31,0.022274540061976895
2017-06-01,0.053243964886376526
2017-06-02,0.04082735741675983
2017-06-05,0.012516736235380103
2017-06-06,0.02499047393873533
2017-06-07,0.0008605726037200727
2017-06-08,0.015320921696540922
2017-06-09,0.010861559713205137
2017-06-12,0.03600020964103801
2017-06-13,0.01930108137066507
2017-06-14,0.01966187403405278
2017-06-15,-0.011408132164068692
2017-06-16,-0.007945989999148409
2017-06-19,-0.0015010496215071157
2017-06-20,7.476171942932576e-05
2017-06-21,-0.009176750047330918
2017-06-22,0.013547169597250476
2017-06-23,0.015333508286484946
2017-06-26,0.01103383591492265
2017-06-27,0.007377241644130219
2017-06-28,0.025284044732341193
2017-06-29,0.02206229934150937
2017-06-30,0.024698336936878396
2017-07-03,0.00685419069619497
2017-07-04,-0.004091121170553458
2017-07-05,-0.013724647579986564
2017-07-06,-0.01645618346727232
2017-07-07,-0.027485977504798104
2017-07-10,-0.07267048013851146
2017-07-11,-0.053039977477121476
2017-07-12,-0.03990749115669832
2017-07-13,-0.03608910498033142
2017-07-14,-0.03195855338453595
2017-07-17,0.031647490095558645
2017-07-18,0.02167390345525339
2017-07-19,0.008172857723836982
2017-07-20,0.021446672208579053
2017-07-21,0.021007944621066844
2017-07-24,0.020117999746060634
2017-07-25,0.022899963315354654
2017-07-26,0.013857422371936743
2017-07-27,0.0018798463848933833
2017-07-28,-0.0011925095944489812
2017-07-31,0.00014248260300675917
2017-08-01,0.002120355698786201
2017-08-02,0.014265242960817643
2017-08-03,-0.00010451444663611227
2017-08-04,-0.009992899369310578
2017-08-07,0.0019062842040501748
2017-08-08,0.0039263475601364695
2017-08-09,0.00959645450510503
2017-08-10,0.026886162849169008
2017-08-11,0.037672072920207175
2017-08-14,0.027415306348742792
2017-08-15,0.016799029042375332
2017-08-16,0.005774808935912792
2017-08-17,-0.008303474026613085
2017-08-18,0.009685658780775722
2017-08-21,0.016081755942355287
2017-08-22,0.02118530858172746
2017-08-23,0.025678276809318796
2017-08-24,0.04086627895859149
2017-08-25,0.032965643276935845
2017-08-28,0.021070810310807243
2017-08-29,0.022583773825362335
2017-08-30,0.025223616709809025
2017-08-31,0.014817131786771492
2017-09-01,0.01103229824950114
2017-09-04,0.01720769516750451
2017-09-05,0.010004388329713914
2017-09-06,0.010865168925163924
2017-09-07,0.012459108665658605
2017-09-08,0.005864534040185644
2017-09-11,0.001607110377151097
2017-09-12,0.004882664025713085
2017-09-13,0.008838744975242764
2017-09-14,0.0004942847100360895
2017-09-15,0.00383185566424944
2017-09-18,-0.014339664737351937
2017-09-19,-0.01528571137819697
2017-09-20,-0.01614635187078808
2017-09-21,-0.01134498000791539
2017-09-22,-0.0014689113832610891
2017-09-25,0.02208949412055566
2017-09-26,0.03729910779092266
2017-09-27,0.024633068463127968
2017-09-28,0.027454641850923743
2017-09-29,0.02628975081362852
2017-10-09,-0.007124878714641168
2017-10-10,-0.016596875652306567
2017-10-11,-0.02234261946552444
2017-10-12,-0.03081025689166149
2017-10-13,-0.02610696307109286
2017-10-16,0.0018667800508928981
2017-10-17,-0.005397643819428066
2017-10-18,0.012658674838446541
2017-10-19,0.02725412441751116
2017-10-20,0.009810502430243105
2017-10-23,-0.02375858973978919
2017-10-24,-0.009507307451007637
2017-10-25,-0.01554611646259084
2017-10-26,-0.028963968810099643
2017-10-27,-0.030611585776180335
2017-10-30,0.006763332439769993
2017-10-31,0.0034120293483211168
2017-11-01,0.005126088504007884
2017-11-02,0.020864480704005334
2017-11-03,0.031154294724284978
2017-11-06,0.02242684975236528
2017-11-07,0.008429207478402926
2017-11-08,-0.004765508078938391
2017-11-09,-0.015850220296081977
2017-11-10,-0.05492009249605303
2017-11-13,-0.053331116257815184
2017-11-14,-0.04750079571877856
2017-11-15,-0.039566249115625694
2017-11-16,-0.056681146759806636
2017-11-17,-0.019521654681131706
2017-11-20,-0.03518980780316076
2017-11-21,-0.0191771392253647
2017-11-22,-0.019017781728423416
2017-11-23,6.403023848011922e-05
2017-11-24,0.007962098697548478
2017-11-27,0.0017590028076550069
2017-11-28,-0.03928875955812851
2017-11-29,-0.029221817639913328
2017-11-30,-0.026913462614619302
2017-12-01,-0.02327965964166289
2017-12-04,0.00556112101610693
2017-12-05,0.020318489391064225
2017-12-06,0.016993348617574764
2017-12-07,0.019870632169016765
2017-12-08,0.00468357199382419
2017-12-11,-0.01238834003369399
2017-12-12,0.007937078625893691
2017-12-13,-0.010734057290923676
2017-12-14,-0.010473754833639262
2017-12-15,-0.009159838259412445
2017-12-18,-0.014323488316916606
2017-12-19,-0.010595634599055773
2017-12-20,-0.004145128577670848
2017-12-21,-0.0018977661119660408
2017-12-22,0.005988052750216161
2017-12-25,0.028277211156598765
2017-12-26,0.0246630730362684
2017-12-27,0.030336586295308544
2017-12-28,0.026516898467102076
2017-12-29,0.022317251051548664
2018-01-02,0.012458881470034584
2018-01-03,-0.0029359306598867488
2018-01-04,0.003292157276754039
2018-01-05,-0.0016510547719699364
2018-01-08,-0.027858851861503386
2018-01-09,-0.019734466690931284
2018-01-10,-0.010611145081104157
2018-01-11,-0.01639289091691702
2018-01-12,-0.013564197046927613
2018-01-15,0.016424302569339196
2018-01-16,0.010678225003201786
2018-01-17,0.01648960692147473
2018-01-18,0.012446522309114146
2018-01-19,0.010874270659539628
2018-01-22,-0.006022631358932898
2018-01-23,-0.010447498584234534
2018-01-24,-0.042254574175710345
2018-01-25,-0.07767510005899857
2018-01-26,-0.08145587796574216
2018-01-29,-0.07786653682052523
2018-01-30,-0.1266070032189276
2018-01-31,-0.10061744248887101
2018-02-01,-0.05225333012950027
2018-02-02,-0.07532862955268126
2018-02-05,-0.04452841563883076
2018-02-06,0.011918802011642936
2018-02-07,0.0075308806188326
2018-02-08,0.012496344361551023
2018-02-09,0.05023988443614727
2018-02-12,0.048739483585916045
2018-02-13,0.051629251391404604
2018-02-14,0.0508884648720192
2018-02-22,0.04775769597401642
2018-02-23,0.03800932149851608
2018-02-26,0.02172650693926233
2018-02-27,0.02979214114042562
2018-02-28,0.02407394869564695
2018-03-01,0.020247674153276506
2018-03-02,0.04326364536029274
2018-03-05,0.05019118365851243
2018-03-06,0.032006281730943685
2018-03-07,0.026976938938449813
2018-03-08,0.006929111866291473
2018-03-09,-0.01019725511913393
2018-03-12,-0.01932970943848682
2018-03-13,-0.00918004324924526
2018-03-14,-0.004404285677722044
2018-03-15,0.007522646639230575
2018-03-16,-0.04777317272948978
2018-03-19,-0.0387123578131928
2018-03-20,-0.01778962624234154
2018-03-21,-0.01688455814902042
2018-03-22,-0.009629948738444097
2018-03-23,0.06662428209330883
2018-03-26,0.055513985048709275
2018-03-27,0.02047772660114284
2018-03-28,0.020271710133115173
2018-03-29,0.01439690691640045
2018-03-30,0.00035575930793312136
2018-04-02,0.003739901947015818
2018-04-03,0.006224366269154483
2018-04-04,0.00733571085716702
2018-04-09,-0.0035862729147824257
2018-04-10,-0.028280534094642422
2018-04-11,-0.024814933941761725
2018-04-12,-0.017430795088455468
2018-04-13,-0.03848736934461124
2018-04-16,-0.038538546279721815
2018-04-17,0.008324544025250563
2018-04-18,0.001563855808121044
2018-04-19,-0.0211270781654605
2018-04-20,0.004894528587941441
2018-04-23,0.006200030996815097
2018-04-24,-0.006256656578248185
2018-04-25,-0.013324505614941645
2018-04-26,0.0266702646657294
2018-04-27,0.033468341462635845
2018-05-02,0.040472185857314893
2018-05-03,0.034619406488569655
2018-05-04,0.023688352942011198
2018-05-07,-0.001513682285756606
2018-05-08,0.0031759365223781185
2018-05-09,-0.0034093623523551737
2018-05-10,-0.010924712664351787
2018-05-11,0.005997156321017865
2018-05-14,0.02618870694669258
2018-05-15,0.020185859485538686
2018-05-16,0.014643201633086708
2018-05-17,0.014670741831329773
2018-05-18,0.002762484990620171
2018-05-21,-0.01953330453585741
2018-05-22,-0.03449956881618281
2018-05-23,-0.06242098440677775
2018-05-24,-0.04392334727855228
2018-05-25,-0.04661738087100517
2018-05-28,-0.040833196625283286
2018-05-29,-0.016204831207137834
2018-05-30,0.027619722609675258
2018-05-31,5.155208757873038e-05
2018-06-01,-7.412461652135969e-05
2018-06-04,-0.004537829026859459
2018-06-05,-0.014966636932487015
2018-06-06,-0.036294210913152165
2018-06-07,-0.031141141450487297
2018-06-08,-0.04429589090367485
2018-06-11,-0.10567145405079652
2018-06-12,-0.10123463374040767
2018-06-13,-0.1088709050547224
2018-06-14,-0.09240383941871157
2018-06-15,-0.07271106370471796
2018-06-19,0.009853506725991574
2018-06-20,-0.007653209608834081
2018-06-21,0.010178813328285814
2018-06-22,0.02424184320356074
2018-06-25,0.012870690443010467
2018-06-26,0.01667264914083403
2018-06-27,0.0022708957851104057
2018-06-28,-0.014152782848088819
2018-06-29,-0.03811637945176245
2018-07-02,-0.003126597055598897
2018-07-03,-0.0088833199051111
2018-07-04,-0.013186964427053261
2018-07-05,0.04130380330487792
2018-07-06,0.03883413102122945
2018-07-09,0.01634261286759246
2018-07-10,0.00938449126786912
2018-07-11,0.029150055551568174
2018-07-12,-0.009676126344367377
2018-07-13,-0.000693681542276103
2018-07-16,0.006351938281716183
2018-07-17,0.020923905565331444
2018-07-18,0.02660205058143526
2018-07-19,0.035304335128101695
2018-07-20,0.01670148070391183
2018-07-23,-0.005674752854765184
2018-07-24,-0.021804386244811614
2018-07-25,-0.038524558724553556
2018-07-26,-0.06126125324248725
2018-07-27,-0.0671062686987386
2018-07-30,-0.07210284414873387
2018-07-31,-0.04847943435236912
2018-08-01,-0.04816817375906642
2018-08-02,0.0002693400316602433
2018-08-03,0.01938646386675039
2018-08-06,0.04439177233421015
2018-08-07,0.015602254457527779
2018-08-08,0.012053237729127949
2018-08-09,-0.020417275147817163
2018-08-10,-0.044669006776384426
2018-08-13,-0.04194793451606992
2018-08-14,-0.03066302549428753
2018-08-15,-0.023096466249144236
2018-08-16,-0.006553645795308359
2018-08-17,0.00918390740996116
2018-08-20,0.023544455805884674
2018-08-21,0.01402269817987663
2018-08-22,0.021263905884260456
2018-08-23,-0.0018105247890660653
2018-08-24,-0.009828964369030161
2018-08-27,-0.031078609869663765
2018-08-28,-0.020533703428421427
2018-08-29,-0.028867424518937774
2018-08-30,-0.016106976921030577
2018-08-31,-0.003309744887350826
2018-09-03,-0.02134945060376602
2018-09-04,-0.030354322301591217
2018-09-05,-0.01584304459152304
2018-09-06,-0.004351171553164645
2018-09-07,-0.016803433682123593
2018-09-10,-0.013318627877782874
2018-09-11,0.0008037050282808191
2018-09-12,0.01066086942358693
2018-09-13,-0.00146598959925214
2018-09-14,0.021955325702040035
2018-09-17,0.03595054419607182
2018-09-18,0.022284315272839538
2018-09-19,-0.007096107872290163
2018-09-20,0.005403266615972204
2018-09-21,-0.04116833624458376
2018-09-25,-0.034870899541298274
2018-09-26,-0.03469215892507279
2018-09-27,-0.09051134206165286
2018-09-28,-0.1058730268927091
2018-10-08,-0.08529643717289062
2018-10-09,-0.1059794564776884
2018-10-10,-0.10173073278586081
2018-10-11,-0.057720309681549994
2018-10-12,-0.029307560808235666
2018-10-15,0.030537225187332165
2018-10-16,0.03615660099757497
2018-10-17,0.027228994293939743
2018-10-18,0.05219723014304009
2018-10-19,0.03377655196809943
2018-10-22,-0.028290612283690952
2018-10-23,-0.0023043880490107352
2018-10-24,0.01156579910268864
2018-10-25,0.024253418894487424
2018-10-26,0.04884473810678125
2018-10-29,0.07116425298432275
2018-10-30,0.055585016134962445
2018-10-31,0.03667899681245621
2018-11-01,0.02797220667684682
2018-11-02,-0.0020484272451557124
2018-11-05,0.019116888044657554
2018-11-06,0.04092595759622229
2018-11-07,0.043846137746693485
2018-11-08,0.06832617726325817
2018-11-09,0.0812787085407042
2018-11-12,0.056559318784687666
2018-11-13,0.008896082907885069
2018-11-14,0.01677479265398384
2018-11-15,-0.00286696856759994
2018-11-16,-0.05611325242733766
2018-11-19,-0.06341007340852406
2018-11-20,-0.02958394752530833
2018-11-21,-0.025338494565787205
2018-11-22,-0.05086724975496041
2018-11-23,0.00030542543542117704
2018-11-26,0.034933806986596476
2018-11-27,0.03495335214823792
2018-11-28,0.014545856027685515
2018-11-29,0.022322815484105012
2018-11-30,0.016414516652099753
2018-12-03,-0.028199128094457855
2018-12-04,-0.027108428745739505
2018-12-05,-0.018635346124447186
2018-12-06,0.008597962411516688
2018-12-07,-0.018674921004450618
2018-12-10,-0.004799633514544054
2018-12-11,-0.021027273177432006
2018-12-12,-0.03423879632579013
2018-12-13,-0.03799779555291444
2018-12-14,-0.019320380467887446
2018-12-17,-0.010317168400860813
2018-12-18,-0.013782920250721637
2018-12-19,-0.002836765726647233
2018-12-20,-0.02327781423137603
2018-12-21,-0.016873239778579675
2018-12-24,-0.029447461002639456
2018-12-25,-0.025056160611381516
2018-12-26,0.0010578739216637496
2018-12-27,0.03720809953011406
2018-12-28,0.036017138390957285
2019-01-02,0.041920017652078145
2019-01-03,0.047426277585910066
2019-01-04,0.030684086122653647
2019-01-07,0.0037203084647356504
2019-01-08,0.016700140677779206
2019-01-09,0.011561099567245946
2019-01-10,0.002058923584565857
2019-01-11,-0.0004689281882666744
2019-01-14,0.012342941181760528
2019-01-15,-0.008673527438638817
2019-01-16,-0.00442209135136326
2019-01-17,0.01148115102860391
2019-01-18,-0.0025520483221525762
2019-01-21,-0.01613599520785904
2019-01-22,-0.026266096947303925
2019-01-23,-0.042442143798945856
2019-01-24,-0.06305262718534571
2019-01-25,-0.030201097364035357
2019-01-28,0.0033396387730496853
2019-01-29,0.037571966672621804
2019-01-30,0.07223279420524555
2019-01-31,0.09642179053565074
2019-02-01,0.0653952713227002
2019-02-11,0.07257002505078394
2019-02-12,0.06122050681289346
2019-02-13,0.04418344671875762
2019-02-14,0.03589088943080526
2019-02-15,0.06063592184032643
2019-02-18,0.07767222978582776
2019-02-19,0.07220420696051781
2019-02-20,0.06781989523189655
2019-02-21,0.07507533936192759
2019-02-22,0.058601994747869174
2019-02-25,0.025689073610429252
2019-02-26,0.054608929527798195
2019-02-27,0.0791604512013136
2019-02-28,0.09286857191058898
2019-03-01,0.03738806482411549
2019-03-04,0.06233403018897913
2019-03-05,0.05402908669085623
2019-03-06,0.011917105637148833
2019-03-07,-0.03288326138305093
2019-03-08,0.028751688057712662
2019-03-11,0.009630029607032823
2019-03-12,-0.0044476103260357005
2019-03-13,0.015449031784601002
2019-03-14,0.056686728699654555
2019-03-15,0.0463228434827677
2019-03-18,0.013177544280544507
2019-03-19,-0.016864589683967667
2019-03-20,-0.009435091313375525
2019-03-21,-0.03296486512447749
2019-03-22,-0.012127593592882499
2019-03-25,0.03246091455388985
2019-03-26,0.06533164994072237
2019-03-27,0.06881840946625739
2019-03-28,0.08764191964899026
2019-03-29,0.05489327363608428
2019-04-01,0.022149441255088574
2019-04-02,0.015498359799703236
2019-04-03,-0.013806422425046557
2019-04-04,-0.019341984161553905
2019-04-08,-0.022888042514317926
2019-04-09,-0.007419994646660632
2019-04-10,0.0022966139862913523
2019-04-11,0.014583611657684221
2019-04-12,0.0236256151809137
2019-04-15,0.019752807228160404
2019-04-16,-0.018229994903344808
2019-04-17,-0.01668109437057574
2019-04-18,-0.050337919524326175
2019-04-19,-0.06868169285735072
2019-04-22,-0.09069681914313901
2019-04-23,-0.06493226297684032
2019-04-24,-0.14314616261379234
2019-04-25,-0.09306248747645475
2019-04-26,-0.08317822961125157
2019-04-29,-0.0569508189937409
2019-04-30,-0.03416832729204828
2019-05-06,0.03893642286982207
2019-05-07,0.015368386153579223
2019-05-08,0.038999997612314596
2019-05-09,0.0541990418560463
2019-05-10,-0.01853170738054542
2019-05-13,-0.015621760590310655
2019-05-14,0.008336419896936835
2019-05-15,-0.01813173010066202
2019-05-16,-0.04636285210963035
2019-05-17,-0.017437324863636947
2019-05-20,0.011963528257449257
2019-05-21,-0.003849322063182245
2019-05-22,0.006099968770245226
2019-05-23,0.023276615310253383
2019-05-24,0.031410759384512446
2019-05-27,-0.010773464494536322
2019-05-28,-0.027675603155634217
2019-05-29,-0.030561108275267906
2019-05-30,-0.04942709029823362
2019-05-31,-0.0391092178851457
2019-06-03,0.009515690370420637
2019-06-04,0.020917143096653868
2019-06-05,0.02559522857245183
2019-06-06,0.0280384696996108
2019-06-10,0.017297209593123242
2019-06-11,-0.01886333537100818
2019-06-12,-1.248835701413473e-05
2019-06-13,0.009276176019059055
2019-06-14,0.052319347192215565
2019-06-17,0.049896306910475
2019-06-18,0.04043954515839447
2019-06-19,0.024509790358688662
2019-06-20,0.015098186015941388
2019-06-21,-0.016696204162553574
2019-06-24,0.012880031886877301
2019-06-25,0.02227111697472205
2019-06-26,0.013215279933753599
2019-06-27,0.003035380811944944
2019-06-28,0.020504335831170624
2019-07-01,-0.04253271129570337
2019-07-02,-0.03860193095736694
2019-07-03,-0.035694503830637936
2019-07-04,-0.03182027022029811
2019-07-05,-0.03243106764268183
2019-07-08,0.011763572412434467
2019-07-09,0.010520961919242757
2019-07-10,0.01689265607646434
2019-07-11,-0.0022215750217033804
2019-07-12,0.0005123366025062251
2019-07-15,-0.03699221817015067
2019-07-16,-0.027145310159965484
2019-07-17,-0.015333772213532378
2019-07-18,0.005946416315510988
2019-07-19,0.0011976434431015344
2019-07-22,0.031003648184296805
2019-07-23,0.02387515431506066
2019-07-24,0.004452627763680887
2019-07-25,-0.0015517628709822478
2019-07-26,-0.016742797358798474
2019-07-29,-0.02741719708916124
2019-07-30,-0.059333780313647645
2019-07-31,-0.057629761128046825
2019-08-01,-0.05001898054801761
2019-08-02,-0.0465230078839167
2019-08-05,-0.020391847595655755
2019-08-06,0.002377366244827843
2019-08-07,0.012351210146210432
2019-08-08,0.010037737355062037
2019-08-09,0.026991421552594784
2019-08-12,0.0407184422346225
2019-08-13,0.04885346767085201
2019-08-14,0.042365907800609795
2019-08-15,0.04273497626538106
2019-08-16,0.03462530331017553
2019-08-19,-0.003310508445475933
2019-08-20,0.012790647327740809
2019-08-21,0.012101262125314328
2019-08-22,0.00752344150288793
2019-08-23,-0.003929332336289536
2019-08-26,0.027763133998877306
2019-08-27,0.016264103491962334
2019-08-28,0.024735286263862396
2019-08-29,0.03471613797247014
2019-08-30,0.05466556257191182
2019-09-02,0.051585780356974816
2019-09-03,0.04611814250830007
2019-09-04,0.03169756566088264
2019-09-05,0.02878238734828682
2019-09-06,0.028454970783555585
2019-09-09,-0.015430616342646714
2019-09-10,-0.016001858193326297
2019-09-11,0.0008794961707601565
2019-09-12,-0.004641056878479409
2019-09-16,-0.01670024107101229
2019-09-17,0.008940239184026266
2019-09-18,-0.011749295688365597
2019-09-19,-0.049720051861457566
2019-09-20,-0.04175082842847213
2019-09-23,-0.045044789218905756
2019-09-24,-0.04622377834642806
2019-09-25,-0.018850837673068638
2019-09-26,0.02190721287042245
2019-09-27,0.01446163133894853
2019-09-30,0.042257517560267126
2019-10-08,0.029664818577939955
2019-10-09,0.013934712593588236
2019-10-10,-0.0007017613845531248
2019-10-11,-0.014950505987709707
2019-10-14,-0.034414302909897075
2019-10-15,-0.012681147829412598
2019-10-16,-0.01191143724927375
2019-10-17,-0.010822493058269088
2019-10-18,0.00824575965155183
2019-10-21,0.031149396388924742
2019-10-22,0.004408148026657452
2019-10-23,-0.0031008665841101833
2019-10-24,-0.013837045934787916
2019-10-25,-0.010484784758071925
2019-10-28,-0.025124162795268884
2019-10-29,-0.00931918138495995
2019-10-30,-0.005934896919309499
2019-10-31,0.011919010768924376
2019-11-01,0.00014282442894675854
2019-11-04,-0.028497129976404054
2019-11-05,-0.026115038390166802
2019-11-06,-0.02051845362531179
2019-11-07,-0.021566084907881308
2019-11-08,-0.032220272376350785
2019-11-11,0.0005211723007059738
2019-11-12,0.014358180287422273
2019-11-13,0.010496458413679936
2019-11-14,0.003847613314910339
2019-11-15,0.008269248799260406
2019-11-18,-0.002428371061586441
2019-11-19,-0.021169903257297652
2019-11-20,-0.015591935986049403
2019-11-21,-0.01803760631708189
2019-11-22,-0.008219699477653926
2019-11-25,-0.0022359142074864532
2019-11-26,0.0049002945894970965
2019-11-27,0.007446177066850056
2019-11-28,0.020846556860093266
2019-11-29,0.026251134758107177
2019-12-02,0.02797910098629635
2019-12-03,0.028229918093785767
2019-12-04,0.024357086273771124
2019-12-05,0.011496945591065401
2019-12-06,0.016778738164564315
2019-12-09,0.030344852122842002
2019-12-10,0.03692567250446782
2019-12-11,0.04259478532839714
2019-12-12,0.05086331487068342
2019-12-13,0.029448822259933123
2019-12-16,-0.00909552914072632
2019-12-17,-0.005986593268692632
2019-12-18,-0.005258246579646558
2019-12-19,-0.002101051104802769
2019-12-20,0.0003674822884320404
2019-12-23,0.027473255850222936
2019-12-24,0.017686502208483
2019-12-25,0.032838417893417585
2019-12-26,0.028644398670173855
2019-12-27,0.04301183896232807
2019-12-30,0.05150505985243114
2019-12-31,0.031393213208744976
2020-01-02,0.027889447232412098
2020-01-03,0.02064459502900061
2020-01-06,0.0251269087988508
2020-01-07,0.011612761487880758
2020-01-08,0.021302328570370854
2020-01-09,0.0022796070887780642
2020-01-10,0.002290553488051366
2020-01-13,0.001030568414561504
2020-01-14,-0.010362365050580625
2020-01-15,-0.004492051105435607
2020-01-16,-0.03512863315967473
2020-01-17,-0.11854212254095953
2020-01-20,-0.12925674863671155
2020-01-21,-0.09543519723359219
2020-01-22,-0.07125810472315304
2020-01-23,-0.027280717327103392
2020-02-03,0.08307686081382398
2020-02-04,0.07778686940003886
2020-02-05,0.06758198390376662
2020-02-06,0.030408997639591897
2020-02-07,0.019481222348336786
2020-02-10,0.03878382212872377
2020-02-11,0.06342629496237584
2020-02-12,0.03920269224385789
2020-02-13,0.06805014459027392
2020-02-14,0.07734968456823305
2020-02-17,0.05534718159585574
2020-02-18,0.03635892215869421
2020-02-19,0.02398640711383641
2020-02-20,0.00808485770894426
2020-02-21,-0.05576784198671664
2020-02-24,-0.028526174125060807
2020-02-25,-0.014811683748551682
2020-02-26,0.011707792046550154
2020-02-27,0.027105779732020482
2020-02-28,0.08308611328678756
2020-03-02,0.005317722996080514
2020-03-03,0.013883714658716722
2020-03-04,-0.005567942478677559
2020-03-05,-0.04157039652713397
2020-03-06,-0.05074809998290727
2020-03-09,-0.057193863209617064
2020-03-10,-0.07918364182391685
2020-03-11,-0.084784818589851
2020-03-12,-0.05929337383164441
2020-03-13,-0.03484861552827306
2020-03-16,-0.03398384038255782
2020-03-17,-0.013258638915741567
2020-03-18,0.025892247007276128
2020-03-19,0.007828456896129309
2020-03-20,-0.010704519337046223
2020-03-23,0.006669544947295672
2020-03-24,-0.012682228801460574
2020-03-25,-0.04121679689192313
2020-03-26,-0.010372775536598997
2020-03-27,-0.011483525863310366
2020-03-30,0.04304959765234157
2020-03-31,0.047918838607276304
2020-04-01,0.0625541463391582
2020-04-02,0.014436016311118259
2020-04-03,0.011982472422520419
2020-04-07,-0.001230064154369063
2020-04-08,-0.01130833273568008
2020-04-09,-0.015083053616769471
2020-04-10,0.00906734817542969
2020-04-13,0.029877002784864774
2020-04-14,0.0066463209512099015
2020-04-15,0.02200557323542004
2020-04-16,0.013457363732321443
2020-04-17,-0.004344026589005856
2020-04-20,-0.02237582702387216
2020-04-21,-0.037536188704976534
2020-04-22,-0.04716472899960056
2020-04-23,-0.022309777389418046
2020-04-24,0.014241516005806962
2020-04-27,0.018638707204832128
2020-04-28,0.052161914285033396
2020-04-29,0.05399364665798913
2020-04-30,0.030542389218119696
2020-05-06,0.017281900288793398
2020-05-07,0.01155641469170603
2020-05-08,0.0028471401622239844
2020-05-11,-0.0022858616927587004
2020-05-12,0.009972496132149292
2020-05-13,-0.003940790887124156
2020-05-14,-0.005528119345219497
2020-05-15,-0.024657210922753685
2020-05-18,-0.02177901787598431
2020-05-19,-0.01302371532074434
2020-05-20,-0.007534071737589072
2020-05-21,-0.0014928254738328542
2020-05-22,0.02248539194348003
2020-05-25,
2020-05-26,
2020-05-27,
2020-05-28,
2020-05-29,
